file,class,method,constructor,line,cbo,wmc,rfc,loc,returnsQty,variablesQty,parametersQty,methodsInvokedQty,methodsInvokedLocalQty,methodsInvokedIndirectLocalQty,loopQty,comparisonsQty,tryCatchQty,parenthesizedExpsQty,stringLiteralsQty,numbersQty,assignmentsQty,mathOperationsQty,maxNestedBlocksQty,anonymousClassesQty,innerClassesQty,lambdasQty,uniqueWordsQty,modifiers,logStatementsQty,hasJavaDoc
/root/DesignPatternsDetection/Data/Prototype/milicaklaric_Prototype/ckmetrics/../src/AbstractProductB/SetProperties.java,AbstractProductB.SetProperties,main/1[java.lang.String[]],false,18,0,4,3,23,0,2,1,3,0,0,0,1,2,0,9,0,3,0,3,0,0,0,28,9,0,false
/root/DesignPatternsDetection/Data/Prototype/milicaklaric_Prototype/ckmetrics/../src/AbstractProductB/BrokerBazePodataka1.java,AbstractProductB.BrokerBazePodataka1,deleteRecord/1[DomainClasses.GeneralDObject],false,80,2,1,3,4,1,1,1,3,1,2,0,0,0,0,2,0,1,1,0,0,0,0,16,1,0,false
/root/DesignPatternsDetection/Data/Prototype/milicaklaric_Prototype/ckmetrics/../src/AbstractProductB/BrokerBazePodataka1.java,AbstractProductB.BrokerBazePodataka1,executeUpdate/1[java.lang.String],false,97,1,3,6,17,1,3,1,6,1,1,0,0,1,0,0,1,6,0,2,0,0,0,16,1,0,false
/root/DesignPatternsDetection/Data/Prototype/milicaklaric_Prototype/ckmetrics/../src/AbstractProductB/BrokerBazePodataka1.java,AbstractProductB.BrokerBazePodataka1,"close/3[java.sql.Connection,java.sql.Statement,java.sql.ResultSet]",false,151,1,7,6,26,0,0,3,6,0,0,0,3,3,0,0,0,0,0,2,0,0,0,11,1,0,false
/root/DesignPatternsDetection/Data/Prototype/milicaklaric_Prototype/ckmetrics/../src/AbstractProductB/BrokerBazePodataka1.java,AbstractProductB.BrokerBazePodataka1,rollbackTransation/0,false,139,0,2,1,9,2,0,0,1,0,0,0,0,1,0,0,0,0,0,1,0,0,0,9,1,0,false
/root/DesignPatternsDetection/Data/Prototype/milicaklaric_Prototype/ckmetrics/../src/AbstractProductB/BrokerBazePodataka1.java,AbstractProductB.BrokerBazePodataka1,"getCounter/2[DomainClasses.GeneralDObject,java.util.concurrent.atomic.AtomicInteger]",false,52,2,2,10,20,1,4,2,10,1,1,0,0,1,0,3,1,8,2,1,0,0,0,30,1,0,false
/root/DesignPatternsDetection/Data/Prototype/milicaklaric_Prototype/ckmetrics/../src/AbstractProductB/BrokerBazePodataka1.java,AbstractProductB.BrokerBazePodataka1,updateRecord/1[DomainClasses.GeneralDObject],false,92,2,1,4,4,1,1,1,4,1,2,0,0,0,0,3,0,1,1,0,0,0,0,15,1,0,false
/root/DesignPatternsDetection/Data/Prototype/milicaklaric_Prototype/ckmetrics/../src/AbstractProductB/BrokerBazePodataka1.java,AbstractProductB.BrokerBazePodataka1,closeConnection/0,false,147,1,1,1,3,0,0,0,1,1,1,0,0,0,0,0,0,0,0,0,0,0,0,2,1,0,false
/root/DesignPatternsDetection/Data/Prototype/milicaklaric_Prototype/ckmetrics/../src/AbstractProductB/BrokerBazePodataka1.java,AbstractProductB.BrokerBazePodataka1,insertRecord/1[DomainClasses.GeneralDObject],false,43,2,1,3,4,1,1,1,3,1,2,0,0,0,0,3,0,1,1,0,0,0,0,19,1,0,false
/root/DesignPatternsDetection/Data/Prototype/milicaklaric_Prototype/ckmetrics/../src/AbstractProductB/BrokerBazePodataka1.java,AbstractProductB.BrokerBazePodataka1,makeConnection/0,false,26,1,2,6,14,2,1,0,6,0,0,0,0,1,0,4,0,2,0,1,0,0,0,26,1,0,false
/root/DesignPatternsDetection/Data/Prototype/milicaklaric_Prototype/ckmetrics/../src/AbstractProductB/BrokerBazePodataka1.java,AbstractProductB.BrokerBazePodataka1,"updateRecord/2[DomainClasses.GeneralDObject,DomainClasses.GeneralDObject]",false,86,2,1,4,4,1,1,2,4,1,2,0,0,0,0,3,0,1,1,0,0,0,0,15,1,0,false
/root/DesignPatternsDetection/Data/Prototype/milicaklaric_Prototype/ckmetrics/../src/AbstractProductB/BrokerBazePodataka1.java,AbstractProductB.BrokerBazePodataka1,findRecord/1[DomainClasses.GeneralDObject],false,112,2,3,10,20,1,4,1,10,1,1,0,1,1,0,2,0,8,1,2,0,0,0,28,1,0,false
/root/DesignPatternsDetection/Data/Prototype/milicaklaric_Prototype/ckmetrics/../src/AbstractProductB/BrokerBazePodataka1.java,AbstractProductB.BrokerBazePodataka1,"increaseCounter/2[DomainClasses.GeneralDObject,java.util.concurrent.atomic.AtomicInteger]",false,74,2,1,3,4,1,1,2,3,1,2,0,0,0,0,3,0,1,1,0,0,0,0,17,1,0,false
/root/DesignPatternsDetection/Data/Prototype/milicaklaric_Prototype/ckmetrics/../src/AbstractProductB/BrokerBazePodataka1.java,AbstractProductB.BrokerBazePodataka1,commitTransation/0,false,131,0,2,1,9,2,0,0,1,0,0,0,0,1,0,0,0,0,0,1,0,0,0,9,1,0,false
/root/DesignPatternsDetection/Data/Prototype/milicaklaric_Prototype/ckmetrics/../src/AbstractProductB/BrokerBazePodataka.java,AbstractProductB.BrokerBazePodataka,makeConnection/0,false,17,0,1,0,1,0,0,0,0,0,0,0,0,0,0,0,0,0,0,0,0,0,0,2,1025,0,false
/root/DesignPatternsDetection/Data/Prototype/milicaklaric_Prototype/ckmetrics/../src/AbstractProductB/BrokerBazePodataka.java,AbstractProductB.BrokerBazePodataka,rollbackTransation/0,false,31,0,1,0,1,0,0,0,0,0,0,0,0,0,0,0,0,0,0,0,0,0,0,2,1025,0,false
/root/DesignPatternsDetection/Data/Prototype/milicaklaric_Prototype/ckmetrics/../src/AbstractProductB/BrokerBazePodataka.java,AbstractProductB.BrokerBazePodataka,closeConnection/0,false,37,0,1,0,1,0,0,0,0,0,0,0,0,0,0,0,0,0,0,0,0,0,0,2,1025,0,false
/root/DesignPatternsDetection/Data/Prototype/milicaklaric_Prototype/ckmetrics/../src/AbstractProductB/BrokerBazePodataka.java,AbstractProductB.BrokerBazePodataka,"updateRecord/2[DomainClasses.GeneralDObject,DomainClasses.GeneralDObject]",false,21,1,1,0,1,0,0,2,0,0,0,0,0,0,0,0,0,0,0,0,0,0,0,6,1025,0,false
/root/DesignPatternsDetection/Data/Prototype/milicaklaric_Prototype/ckmetrics/../src/AbstractProductB/BrokerBazePodataka.java,AbstractProductB.BrokerBazePodataka,findRecord/1[DomainClasses.GeneralDObject],false,27,1,1,0,1,0,0,1,0,0,0,0,0,0,0,0,0,0,0,0,0,0,0,6,1025,0,false
/root/DesignPatternsDetection/Data/Prototype/milicaklaric_Prototype/ckmetrics/../src/AbstractProductB/BrokerBazePodataka.java,AbstractProductB.BrokerBazePodataka,"increaseCounter/2[DomainClasses.GeneralDObject,java.util.concurrent.atomic.AtomicInteger]",false,35,1,1,0,1,0,0,2,0,0,0,0,0,0,0,0,0,0,0,0,0,0,0,6,1025,0,false
/root/DesignPatternsDetection/Data/Prototype/milicaklaric_Prototype/ckmetrics/../src/AbstractProductB/BrokerBazePodataka.java,AbstractProductB.BrokerBazePodataka,deleteRecord/1[DomainClasses.GeneralDObject],false,25,1,1,0,1,0,0,1,0,0,0,0,0,0,0,0,0,0,0,0,0,0,0,6,1025,0,false
/root/DesignPatternsDetection/Data/Prototype/milicaklaric_Prototype/ckmetrics/../src/AbstractProductB/BrokerBazePodataka.java,AbstractProductB.BrokerBazePodataka,commitTransation/0,false,29,0,1,0,1,0,0,0,0,0,0,0,0,0,0,0,0,0,0,0,0,0,0,2,1025,0,false
/root/DesignPatternsDetection/Data/Prototype/milicaklaric_Prototype/ckmetrics/../src/AbstractProductB/BrokerBazePodataka.java,AbstractProductB.BrokerBazePodataka,insertRecord/1[DomainClasses.GeneralDObject],false,19,1,1,0,1,0,0,1,0,0,0,0,0,0,0,0,0,0,0,0,0,0,0,6,1025,0,false
/root/DesignPatternsDetection/Data/Prototype/milicaklaric_Prototype/ckmetrics/../src/AbstractProductB/BrokerBazePodataka.java,AbstractProductB.BrokerBazePodataka,updateRecord/1[DomainClasses.GeneralDObject],false,23,1,1,0,1,0,0,1,0,0,0,0,0,0,0,0,0,0,0,0,0,0,0,6,1025,0,false
/root/DesignPatternsDetection/Data/Prototype/milicaklaric_Prototype/ckmetrics/../src/AbstractProductB/BrokerBazePodataka.java,AbstractProductB.BrokerBazePodataka,"getCounter/2[DomainClasses.GeneralDObject,java.util.concurrent.atomic.AtomicInteger]",false,33,1,1,0,1,0,0,2,0,0,0,0,0,0,0,0,0,0,0,0,0,0,0,6,1025,0,false
/root/DesignPatternsDetection/Data/Prototype/milicaklaric_Prototype/ckmetrics/../src/AbstractProductB/BrokerBazePodataka2.java,AbstractProductB.BrokerBazePodataka2,"getCounter/2[DomainClasses.GeneralDObject,java.util.concurrent.atomic.AtomicInteger]",false,78,2,2,10,20,1,4,2,10,1,1,0,0,1,0,3,1,8,2,1,0,0,0,30,1,0,false
/root/DesignPatternsDetection/Data/Prototype/milicaklaric_Prototype/ckmetrics/../src/AbstractProductB/BrokerBazePodataka2.java,AbstractProductB.BrokerBazePodataka2,insertRecord/1[DomainClasses.GeneralDObject],false,69,2,1,3,4,1,1,1,3,1,2,0,0,0,0,3,0,1,1,0,0,0,0,19,1,0,false
/root/DesignPatternsDetection/Data/Prototype/milicaklaric_Prototype/ckmetrics/../src/AbstractProductB/BrokerBazePodataka2.java,AbstractProductB.BrokerBazePodataka2,rollbackTransation/0,false,165,0,2,1,9,2,0,0,1,0,0,0,0,1,0,0,0,0,0,1,0,0,0,9,1,0,false
/root/DesignPatternsDetection/Data/Prototype/milicaklaric_Prototype/ckmetrics/../src/AbstractProductB/BrokerBazePodataka2.java,AbstractProductB.BrokerBazePodataka2,deleteRecord/1[DomainClasses.GeneralDObject],false,106,2,1,3,4,1,1,1,3,1,2,0,0,0,0,2,0,1,1,0,0,0,0,16,1,0,false
/root/DesignPatternsDetection/Data/Prototype/milicaklaric_Prototype/ckmetrics/../src/AbstractProductB/BrokerBazePodataka2.java,AbstractProductB.BrokerBazePodataka2,updateRecord/1[DomainClasses.GeneralDObject],false,118,2,1,4,4,1,1,1,4,1,2,0,0,0,0,3,0,1,1,0,0,0,0,15,1,0,false
/root/DesignPatternsDetection/Data/Prototype/milicaklaric_Prototype/ckmetrics/../src/AbstractProductB/BrokerBazePodataka2.java,AbstractProductB.BrokerBazePodataka2,makeConnection/0,false,36,1,2,7,13,2,0,0,7,1,1,0,0,1,0,0,0,1,0,1,0,0,0,17,1,0,false
/root/DesignPatternsDetection/Data/Prototype/milicaklaric_Prototype/ckmetrics/../src/AbstractProductB/BrokerBazePodataka2.java,AbstractProductB.BrokerBazePodataka2,"close/3[java.sql.Connection,java.sql.Statement,java.sql.ResultSet]",false,177,1,7,6,26,0,0,3,6,0,0,0,3,3,0,0,0,0,0,2,0,0,0,11,1,0,false
/root/DesignPatternsDetection/Data/Prototype/milicaklaric_Prototype/ckmetrics/../src/AbstractProductB/BrokerBazePodataka2.java,AbstractProductB.BrokerBazePodataka2,readConfigProperties/0,false,50,0,4,3,23,0,2,0,3,0,0,0,1,2,0,5,0,7,0,3,0,0,0,18,0,0,false
/root/DesignPatternsDetection/Data/Prototype/milicaklaric_Prototype/ckmetrics/../src/AbstractProductB/BrokerBazePodataka2.java,AbstractProductB.BrokerBazePodataka2,"updateRecord/2[DomainClasses.GeneralDObject,DomainClasses.GeneralDObject]",false,112,2,1,4,4,1,1,2,4,1,2,0,0,0,0,3,0,1,1,0,0,0,0,15,1,0,false
/root/DesignPatternsDetection/Data/Prototype/milicaklaric_Prototype/ckmetrics/../src/AbstractProductB/BrokerBazePodataka2.java,AbstractProductB.BrokerBazePodataka2,findRecord/1[DomainClasses.GeneralDObject],false,138,2,3,10,20,1,4,1,10,1,1,0,1,1,0,2,0,8,1,2,0,0,0,28,1,0,false
/root/DesignPatternsDetection/Data/Prototype/milicaklaric_Prototype/ckmetrics/../src/AbstractProductB/BrokerBazePodataka2.java,AbstractProductB.BrokerBazePodataka2,"increaseCounter/2[DomainClasses.GeneralDObject,java.util.concurrent.atomic.AtomicInteger]",false,100,2,1,3,4,1,1,2,3,1,2,0,0,0,0,3,0,1,1,0,0,0,0,17,1,0,false
/root/DesignPatternsDetection/Data/Prototype/milicaklaric_Prototype/ckmetrics/../src/AbstractProductB/BrokerBazePodataka2.java,AbstractProductB.BrokerBazePodataka2,executeUpdate/1[java.lang.String],false,123,1,3,6,17,1,3,1,6,1,1,0,0,1,0,0,1,6,0,2,0,0,0,16,1,0,false
/root/DesignPatternsDetection/Data/Prototype/milicaklaric_Prototype/ckmetrics/../src/AbstractProductB/BrokerBazePodataka2.java,AbstractProductB.BrokerBazePodataka2,commitTransation/0,false,157,0,2,1,9,2,0,0,1,0,0,0,0,1,0,0,0,0,0,1,0,0,0,9,1,0,false
/root/DesignPatternsDetection/Data/Prototype/milicaklaric_Prototype/ckmetrics/../src/AbstractProductB/BrokerBazePodataka2.java,AbstractProductB.BrokerBazePodataka2,closeConnection/0,false,173,1,1,1,3,0,0,0,1,1,1,0,0,0,0,0,0,0,0,0,0,0,0,2,1,0,false
/root/DesignPatternsDetection/Data/Prototype/milicaklaric_Prototype/ckmetrics/../src/DomainClasses/GeneralDObject.java,DomainClasses.GeneralDObject,getNewRecord/1[java.sql.ResultSet],false,27,1,1,0,1,0,0,1,0,0,0,0,0,0,0,0,0,0,0,0,0,0,0,13,0,0,false
/root/DesignPatternsDetection/Data/Prototype/milicaklaric_Prototype/ckmetrics/../src/DomainClasses/GeneralDObject.java,DomainClasses.GeneralDObject,getAtrValue/0,false,17,0,1,0,1,0,0,0,0,0,0,0,0,0,0,0,0,0,0,0,0,0,0,3,0,0,false
/root/DesignPatternsDetection/Data/Prototype/milicaklaric_Prototype/ckmetrics/../src/DomainClasses/GeneralDObject.java,DomainClasses.GeneralDObject,getWhereCondition/0,false,23,0,1,0,1,0,0,0,0,0,0,0,0,0,0,0,0,0,0,0,0,0,0,3,0,0,false
/root/DesignPatternsDetection/Data/Prototype/milicaklaric_Prototype/ckmetrics/../src/DomainClasses/GeneralDObject.java,DomainClasses.GeneralDObject,getNameByColumn/1[int],false,25,0,1,0,1,0,0,1,0,0,0,0,0,0,0,0,0,0,0,0,0,0,0,5,0,0,false
/root/DesignPatternsDetection/Data/Prototype/milicaklaric_Prototype/ckmetrics/../src/DomainClasses/GeneralDObject.java,DomainClasses.GeneralDObject,getClassName/0,false,21,0,1,0,1,0,0,0,0,0,0,0,0,0,0,0,0,0,0,0,0,0,0,3,0,0,false
/root/DesignPatternsDetection/Data/Prototype/milicaklaric_Prototype/ckmetrics/../src/DomainClasses/GeneralDObject.java,DomainClasses.GeneralDObject,setAtrValue/0,false,19,0,1,0,1,0,0,0,0,0,0,0,0,0,0,0,0,0,0,0,0,0,0,3,0,0,false
/root/DesignPatternsDetection/Data/Prototype/milicaklaric_Prototype/ckmetrics/../src/DomainClasses/DKPles.java,DomainClasses.DKPles,DKPles/0,true,23,0,1,0,7,0,0,0,0,0,0,0,0,0,0,2,3,5,0,0,0,0,0,9,1,0,false
/root/DesignPatternsDetection/Data/Prototype/milicaklaric_Prototype/ckmetrics/../src/DomainClasses/DKPles.java,DomainClasses.DKPles,getNewRecord/1[java.sql.ResultSet],false,106,2,1,3,3,1,0,1,3,0,0,0,0,0,0,5,0,0,0,0,0,0,0,15,1,0,false
/root/DesignPatternsDetection/Data/Prototype/milicaklaric_Prototype/ckmetrics/../src/DomainClasses/DKPles.java,DomainClasses.DKPles,getAtrValue/0,false,80,0,3,0,3,1,0,0,0,0,0,0,2,0,2,8,0,0,3,0,0,0,0,10,1,0,false
/root/DesignPatternsDetection/Data/Prototype/milicaklaric_Prototype/ckmetrics/../src/DomainClasses/DKPles.java,DomainClasses.DKPles,getId/0,false,39,0,1,0,3,1,0,0,0,0,0,0,0,0,0,0,0,0,0,0,0,0,0,3,1,0,false
/root/DesignPatternsDetection/Data/Prototype/milicaklaric_Prototype/ckmetrics/../src/DomainClasses/DKPles.java,DomainClasses.DKPles,getNameByColumn/1[int],false,100,0,1,0,4,1,1,1,0,0,0,0,0,0,0,5,0,1,0,0,0,0,0,5,1,0,false
/root/DesignPatternsDetection/Data/Prototype/milicaklaric_Prototype/ckmetrics/../src/DomainClasses/DKPles.java,DomainClasses.DKPles,setCena/1[double],false,67,0,1,0,3,0,0,1,0,0,0,0,0,0,0,0,0,1,0,0,0,0,0,3,1,0,false
/root/DesignPatternsDetection/Data/Prototype/milicaklaric_Prototype/ckmetrics/../src/DomainClasses/DKPles.java,DomainClasses.DKPles,setId/1[int],false,43,0,1,0,3,0,0,1,0,0,0,0,0,0,0,0,0,1,0,0,0,0,0,3,1,0,false
/root/DesignPatternsDetection/Data/Prototype/milicaklaric_Prototype/ckmetrics/../src/DomainClasses/DKPles.java,DomainClasses.DKPles,getBrojPolaznika/0,false,71,0,1,0,3,1,0,0,0,0,0,0,0,0,0,0,0,0,0,0,0,0,0,4,1,0,false
/root/DesignPatternsDetection/Data/Prototype/milicaklaric_Prototype/ckmetrics/../src/DomainClasses/DKPles.java,DomainClasses.DKPles,setInstruktor/1[java.lang.String],false,59,0,1,0,3,0,0,1,0,0,0,0,0,0,0,0,0,1,0,0,0,0,0,3,1,0,false
/root/DesignPatternsDetection/Data/Prototype/milicaklaric_Prototype/ckmetrics/../src/DomainClasses/DKPles.java,DomainClasses.DKPles,setAtrValue/0,false,85,0,3,0,3,1,0,0,0,0,0,0,2,0,2,13,0,0,3,0,0,0,0,10,1,0,false
/root/DesignPatternsDetection/Data/Prototype/milicaklaric_Prototype/ckmetrics/../src/DomainClasses/DKPles.java,DomainClasses.DKPles,"DKPles/5[int,java.lang.String,java.lang.String,double,int]",true,31,0,1,0,7,0,0,5,0,0,0,0,0,0,0,0,0,5,0,0,0,0,0,9,1,0,false
/root/DesignPatternsDetection/Data/Prototype/milicaklaric_Prototype/ckmetrics/../src/DomainClasses/DKPles.java,DomainClasses.DKPles,getNaziv/0,false,47,0,1,0,3,1,0,0,0,0,0,0,0,0,0,0,0,0,0,0,0,0,0,3,1,0,false
/root/DesignPatternsDetection/Data/Prototype/milicaklaric_Prototype/ckmetrics/../src/DomainClasses/DKPles.java,DomainClasses.DKPles,getClassName/0,false,90,0,1,0,3,1,0,0,0,0,0,0,0,0,0,1,0,0,0,0,0,0,0,3,1,0,false
/root/DesignPatternsDetection/Data/Prototype/milicaklaric_Prototype/ckmetrics/../src/DomainClasses/DKPles.java,DomainClasses.DKPles,getInstruktor/0,false,55,0,1,0,3,1,0,0,0,0,0,0,0,0,0,0,0,0,0,0,0,0,0,3,1,0,false
/root/DesignPatternsDetection/Data/Prototype/milicaklaric_Prototype/ckmetrics/../src/DomainClasses/DKPles.java,DomainClasses.DKPles,setBrojPolaznika/1[int],false,75,0,1,0,3,0,0,1,0,0,0,0,0,0,0,0,0,1,0,0,0,0,0,4,1,0,false
/root/DesignPatternsDetection/Data/Prototype/milicaklaric_Prototype/ckmetrics/../src/DomainClasses/DKPles.java,DomainClasses.DKPles,getWhereCondition/0,false,95,0,1,0,3,1,0,0,0,0,0,0,0,0,0,1,0,0,1,0,0,0,0,4,1,0,false
/root/DesignPatternsDetection/Data/Prototype/milicaklaric_Prototype/ckmetrics/../src/DomainClasses/DKPles.java,DomainClasses.DKPles,setNaziv/1[java.lang.String],false,51,0,1,0,3,0,0,1,0,0,0,0,0,0,0,0,0,1,0,0,0,0,0,3,1,0,false
/root/DesignPatternsDetection/Data/Prototype/milicaklaric_Prototype/ckmetrics/../src/DomainClasses/DKPles.java,DomainClasses.DKPles,getCena/0,false,63,0,1,0,3,1,0,0,0,0,0,0,0,0,0,0,0,0,0,0,0,0,0,3,1,0,false
/root/DesignPatternsDetection/Data/Prototype/milicaklaric_Prototype/ckmetrics/../src/AbstractProductA/EkranskaForma2.java,AbstractProductA.EkranskaForma2,initComponents/0,false,31,0,1,13,13,0,1,0,13,0,0,0,0,0,0,2,12,1,0,0,0,0,0,38,2,0,true
/root/DesignPatternsDetection/Data/Prototype/milicaklaric_Prototype/ckmetrics/../src/AbstractProductA/EkranskaForma2.java,AbstractProductA.EkranskaForma2,main/1[java.lang.String[]],false,57,1,7,9,31,0,0,1,9,0,0,1,0,1,0,1,0,0,0,3,1,0,0,23,9,0,true
/root/DesignPatternsDetection/Data/Prototype/milicaklaric_Prototype/ckmetrics/../src/AbstractProductA/EkranskaForma2.java,AbstractProductA.EkranskaForma2,odrediDekoracijuForme/0,false,94,0,1,0,2,0,0,0,0,0,0,0,0,0,0,0,0,0,0,0,0,0,0,3,1,0,false
/root/DesignPatternsDetection/Data/Prototype/milicaklaric_Prototype/ckmetrics/../src/AbstractProductA/EkranskaForma2.java,AbstractProductA.EkranskaForma2,EkranskaForma2/0,true,19,1,1,2,4,0,0,0,2,2,1,0,0,0,0,0,0,0,0,0,0,0,0,9,1,0,true
/root/DesignPatternsDetection/Data/Prototype/milicaklaric_Prototype/ckmetrics/../src/AbstractProductA/EkranskaForma2.java,AbstractProductA.EkranskaForma2$Anonymous1,run/0,false,84,4,1,2,6,0,2,0,2,0,0,0,0,0,0,0,0,2,0,0,0,0,0,7,1,0,false
/root/DesignPatternsDetection/Data/Prototype/milicaklaric_Prototype/ckmetrics/../src/AbstractProductA/EkranskaForma1.java,AbstractProductA.EkranskaForma1$Anonymous1,run/0,false,86,1,1,1,3,0,0,0,1,0,0,0,0,0,0,0,0,0,0,0,0,0,0,4,1,0,false
/root/DesignPatternsDetection/Data/Prototype/milicaklaric_Prototype/ckmetrics/../src/AbstractProductA/EkranskaForma1.java,AbstractProductA.EkranskaForma1,EkranskaForma1/0,true,20,1,1,1,3,0,0,0,1,1,1,0,0,0,0,0,0,0,0,0,0,0,0,6,1,0,true
/root/DesignPatternsDetection/Data/Prototype/milicaklaric_Prototype/ckmetrics/../src/AbstractProductA/EkranskaForma1.java,AbstractProductA.EkranskaForma1,initComponents/0,false,32,1,1,18,15,0,1,0,18,0,0,0,0,0,0,3,12,1,0,0,0,0,0,43,2,0,true
/root/DesignPatternsDetection/Data/Prototype/milicaklaric_Prototype/ckmetrics/../src/AbstractProductA/EkranskaForma1.java,AbstractProductA.EkranskaForma1,odrediDekoracijuForme/0,false,94,0,1,2,3,0,0,0,2,0,0,0,0,0,0,0,0,0,0,0,0,0,0,6,1,0,false
/root/DesignPatternsDetection/Data/Prototype/milicaklaric_Prototype/ckmetrics/../src/AbstractProductA/EkranskaForma1.java,AbstractProductA.EkranskaForma1,main/1[java.lang.String[]],false,60,1,7,9,28,0,0,1,9,0,0,1,0,1,0,1,0,0,0,3,1,0,0,20,9,0,true
/root/DesignPatternsDetection/Data/Prototype/milicaklaric_Prototype/ckmetrics/../src/AbstractProductA/Panel1.java,AbstractProductA.Panel1,initComponents/0,false,30,0,1,20,34,0,1,0,20,0,0,0,0,0,0,12,48,18,0,0,0,0,0,44,2,0,true
/root/DesignPatternsDetection/Data/Prototype/milicaklaric_Prototype/ckmetrics/../src/AbstractProductA/Panel1.java,AbstractProductA.Panel1,getInstruktor/0,false,194,0,1,1,3,1,0,0,1,0,0,0,0,0,0,0,0,0,0,0,0,0,0,2,1,0,false
/root/DesignPatternsDetection/Data/Prototype/milicaklaric_Prototype/ckmetrics/../src/AbstractProductA/Panel1.java,AbstractProductA.Panel1,getObrisi/0,false,250,0,1,0,3,1,0,0,0,0,0,0,0,0,0,0,0,0,0,0,0,0,0,5,1,0,false
/root/DesignPatternsDetection/Data/Prototype/milicaklaric_Prototype/ckmetrics/../src/AbstractProductA/Panel1.java,AbstractProductA.Panel1,Panel1/0,true,19,1,1,1,3,0,0,0,1,1,1,0,0,0,0,0,0,0,0,0,0,0,0,5,1,0,true
/root/DesignPatternsDetection/Data/Prototype/milicaklaric_Prototype/ckmetrics/../src/AbstractProductA/Panel1.java,AbstractProductA.Panel1,setBrojPolaznika/1[java.lang.String],false,234,0,1,1,3,0,0,1,1,0,0,0,0,0,0,0,0,0,0,0,0,0,0,4,1,0,false
/root/DesignPatternsDetection/Data/Prototype/milicaklaric_Prototype/ckmetrics/../src/AbstractProductA/Panel1.java,AbstractProductA.Panel1,getNadji/0,false,255,0,1,0,3,1,0,0,0,0,0,0,0,0,0,0,0,0,0,0,0,0,0,6,1,0,false
/root/DesignPatternsDetection/Data/Prototype/milicaklaric_Prototype/ckmetrics/../src/AbstractProductA/Panel1.java,AbstractProductA.Panel1,getId1/0,false,179,0,1,0,3,1,0,0,0,0,0,0,0,0,0,0,0,0,0,0,0,0,0,4,1,0,false
/root/DesignPatternsDetection/Data/Prototype/milicaklaric_Prototype/ckmetrics/../src/AbstractProductA/Panel1.java,AbstractProductA.Panel1,setCena/1[java.lang.String],false,229,0,1,1,3,0,0,1,1,0,0,0,0,0,0,0,0,0,0,0,0,0,0,3,1,0,false
/root/DesignPatternsDetection/Data/Prototype/milicaklaric_Prototype/ckmetrics/../src/AbstractProductA/Panel1.java,AbstractProductA.Panel1,getId/0,false,184,0,1,1,3,1,0,0,1,0,0,0,0,0,0,0,0,0,0,0,0,0,0,2,1,0,false
/root/DesignPatternsDetection/Data/Prototype/milicaklaric_Prototype/ckmetrics/../src/AbstractProductA/Panel1.java,AbstractProductA.Panel1,setId/1[java.lang.String],false,214,0,1,1,3,0,0,1,1,0,0,0,0,0,0,0,0,0,0,0,0,0,0,3,1,0,false
/root/DesignPatternsDetection/Data/Prototype/milicaklaric_Prototype/ckmetrics/../src/AbstractProductA/Panel1.java,AbstractProductA.Panel1,setNaziv/1[java.lang.String],false,219,0,1,1,3,0,0,1,1,0,0,0,0,0,0,0,0,0,0,0,0,0,0,3,1,0,false
/root/DesignPatternsDetection/Data/Prototype/milicaklaric_Prototype/ckmetrics/../src/AbstractProductA/Panel1.java,AbstractProductA.Panel1,getKreiraj/0,false,239,0,1,0,3,1,0,0,0,0,0,0,0,0,0,0,0,0,0,0,0,0,0,5,1,0,false
/root/DesignPatternsDetection/Data/Prototype/milicaklaric_Prototype/ckmetrics/../src/AbstractProductA/Panel1.java,AbstractProductA.Panel1,getCena/0,false,199,0,1,1,3,1,0,0,1,0,0,0,0,0,0,0,0,0,0,0,0,0,0,2,1,0,false
/root/DesignPatternsDetection/Data/Prototype/milicaklaric_Prototype/ckmetrics/../src/AbstractProductA/Panel1.java,AbstractProductA.Panel1,getBrojPolaznika/0,false,204,0,1,1,3,1,0,0,1,0,0,0,0,0,0,0,0,0,0,0,0,0,0,3,1,0,false
/root/DesignPatternsDetection/Data/Prototype/milicaklaric_Prototype/ckmetrics/../src/AbstractProductA/Panel1.java,AbstractProductA.Panel1,getPromeni/0,false,244,0,1,0,3,1,0,0,0,0,0,0,0,0,0,0,0,0,0,0,0,0,0,6,1,0,false
/root/DesignPatternsDetection/Data/Prototype/milicaklaric_Prototype/ckmetrics/../src/AbstractProductA/Panel1.java,AbstractProductA.Panel1,getNaziv/0,false,189,0,1,1,3,1,0,0,1,0,0,0,0,0,0,0,0,0,0,0,0,0,0,2,1,0,false
/root/DesignPatternsDetection/Data/Prototype/milicaklaric_Prototype/ckmetrics/../src/AbstractProductA/Panel1.java,AbstractProductA.Panel1,setInstruktor/1[java.lang.String],false,224,0,1,1,3,0,0,1,1,0,0,0,0,0,0,0,0,0,0,0,0,0,0,3,1,0,false
/root/DesignPatternsDetection/Data/Prototype/milicaklaric_Prototype/ckmetrics/../src/AbstractProductA/Panel1.java,AbstractProductA.Panel1,setPoruka/1[java.lang.String],false,209,0,1,1,3,0,0,1,1,0,0,0,0,0,0,0,0,0,0,0,0,0,0,3,1,0,false
/root/DesignPatternsDetection/Data/Prototype/milicaklaric_Prototype/ckmetrics/../src/AbstractProductA/Panel2.java,AbstractProductA.Panel2,getCena/0,false,309,0,1,1,3,1,0,0,1,0,0,0,0,0,0,0,0,0,0,0,0,0,0,2,1,0,false
/root/DesignPatternsDetection/Data/Prototype/milicaklaric_Prototype/ckmetrics/../src/AbstractProductA/Panel2.java,AbstractProductA.Panel2,Panel2/0,true,19,1,1,1,3,0,0,0,1,1,1,0,0,0,0,0,0,0,0,0,0,0,0,5,1,0,true
/root/DesignPatternsDetection/Data/Prototype/milicaklaric_Prototype/ckmetrics/../src/AbstractProductA/Panel2.java,AbstractProductA.Panel2,initComponents/0,false,30,0,1,37,126,0,2,0,37,0,0,0,0,0,0,32,185,25,0,0,1,0,0,62,2,0,true
/root/DesignPatternsDetection/Data/Prototype/milicaklaric_Prototype/ckmetrics/../src/AbstractProductA/Panel2.java,AbstractProductA.Panel2,getPromeni/0,false,355,0,1,0,3,1,0,0,0,0,0,0,0,0,0,0,0,0,0,0,0,0,0,6,1,0,false
/root/DesignPatternsDetection/Data/Prototype/milicaklaric_Prototype/ckmetrics/../src/AbstractProductA/Panel2.java,AbstractProductA.Panel2,getBrojPolaznika/0,false,314,0,1,1,3,1,0,0,1,0,0,0,0,0,0,0,0,0,0,0,0,0,0,3,1,0,false
/root/DesignPatternsDetection/Data/Prototype/milicaklaric_Prototype/ckmetrics/../src/AbstractProductA/Panel2.java,AbstractProductA.Panel2,setId/1[java.lang.String],false,325,0,1,1,3,0,0,1,1,0,0,0,0,0,0,0,0,0,0,0,0,0,0,3,1,0,false
/root/DesignPatternsDetection/Data/Prototype/milicaklaric_Prototype/ckmetrics/../src/AbstractProductA/Panel2.java,AbstractProductA.Panel2,setNaziv/1[java.lang.String],false,330,0,1,1,3,0,0,1,1,0,0,0,0,0,0,0,0,0,0,0,0,0,0,3,1,0,false
/root/DesignPatternsDetection/Data/Prototype/milicaklaric_Prototype/ckmetrics/../src/AbstractProductA/Panel2.java,AbstractProductA.Panel2,getKreiraj/0,false,350,0,1,0,3,1,0,0,0,0,0,0,0,0,0,0,0,0,0,0,0,0,0,5,1,0,false
/root/DesignPatternsDetection/Data/Prototype/milicaklaric_Prototype/ckmetrics/../src/AbstractProductA/Panel2.java,AbstractProductA.Panel2,getId/0,false,294,0,1,1,3,1,0,0,1,0,0,0,0,0,0,0,0,0,0,0,0,0,0,2,1,0,false
/root/DesignPatternsDetection/Data/Prototype/milicaklaric_Prototype/ckmetrics/../src/AbstractProductA/Panel2.java,AbstractProductA.Panel2,getNaziv/0,false,299,0,1,1,3,1,0,0,1,0,0,0,0,0,0,0,0,0,0,0,0,0,0,2,1,0,false
/root/DesignPatternsDetection/Data/Prototype/milicaklaric_Prototype/ckmetrics/../src/AbstractProductA/Panel2.java,AbstractProductA.Panel2,btnPronadjiActionPerformed/1[java.awt.event.ActionEvent],false,284,0,1,0,2,0,0,1,0,0,0,0,0,0,0,0,0,0,0,0,0,0,0,5,2,0,false
/root/DesignPatternsDetection/Data/Prototype/milicaklaric_Prototype/ckmetrics/../src/AbstractProductA/Panel2.java,AbstractProductA.Panel2,setInstruktor/1[java.lang.String],false,335,0,1,1,3,0,0,1,1,0,0,0,0,0,0,0,0,0,0,0,0,0,0,3,1,0,false
/root/DesignPatternsDetection/Data/Prototype/milicaklaric_Prototype/ckmetrics/../src/AbstractProductA/Panel2.java,AbstractProductA.Panel2,setPoruka/1[java.lang.String],false,320,0,1,1,3,0,0,1,1,0,0,0,0,0,0,0,0,0,0,0,0,0,0,3,1,0,false
/root/DesignPatternsDetection/Data/Prototype/milicaklaric_Prototype/ckmetrics/../src/AbstractProductA/Panel2.java,AbstractProductA.Panel2,getInstruktor/0,false,304,0,1,1,3,1,0,0,1,0,0,0,0,0,0,0,0,0,0,0,0,0,0,2,1,0,false
/root/DesignPatternsDetection/Data/Prototype/milicaklaric_Prototype/ckmetrics/../src/AbstractProductA/Panel2.java,AbstractProductA.Panel2,setBrojPolaznika/1[java.lang.String],false,345,0,1,1,3,0,0,1,1,0,0,0,0,0,0,0,0,0,0,0,0,0,0,4,1,0,false
/root/DesignPatternsDetection/Data/Prototype/milicaklaric_Prototype/ckmetrics/../src/AbstractProductA/Panel2.java,AbstractProductA.Panel2,getObrisi/0,false,361,0,1,0,3,1,0,0,0,0,0,0,0,0,0,0,0,0,0,0,0,0,0,5,1,0,false
/root/DesignPatternsDetection/Data/Prototype/milicaklaric_Prototype/ckmetrics/../src/AbstractProductA/Panel2.java,AbstractProductA.Panel2,getNadji/0,false,366,0,1,0,3,1,0,0,0,0,0,0,0,0,0,0,0,0,0,0,0,0,0,6,1,0,false
/root/DesignPatternsDetection/Data/Prototype/milicaklaric_Prototype/ckmetrics/../src/AbstractProductA/Panel2.java,AbstractProductA.Panel2,getId1/0,false,289,0,1,0,3,1,0,0,0,0,0,0,0,0,0,0,0,0,0,0,0,0,0,4,1,0,false
/root/DesignPatternsDetection/Data/Prototype/milicaklaric_Prototype/ckmetrics/../src/AbstractProductA/Panel2.java,AbstractProductA.Panel2,setCena/1[java.lang.String],false,340,0,1,1,3,0,0,1,1,0,0,0,0,0,0,0,0,0,0,0,0,0,0,3,1,0,false
/root/DesignPatternsDetection/Data/Prototype/milicaklaric_Prototype/ckmetrics/../src/AbstractProductA/Panel2.java,AbstractProductA.Panel2$Anonymous1,actionPerformed/1[java.awt.event.ActionEvent],false,111,1,1,1,3,0,0,1,1,0,0,0,0,0,0,0,0,0,0,0,0,0,0,6,1,0,false
/root/DesignPatternsDetection/Data/Prototype/milicaklaric_Prototype/ckmetrics/../src/AbstractProductA/Panel.java,AbstractProductA.Panel,getBrojPolaznika/0,false,26,0,1,0,1,0,0,0,0,0,0,0,0,0,0,0,0,0,0,0,0,0,0,3,1025,0,false
/root/DesignPatternsDetection/Data/Prototype/milicaklaric_Prototype/ckmetrics/../src/AbstractProductA/Panel.java,AbstractProductA.Panel,getCena/0,false,24,0,1,0,1,0,0,0,0,0,0,0,0,0,0,0,0,0,0,0,0,0,0,2,1025,0,false
/root/DesignPatternsDetection/Data/Prototype/milicaklaric_Prototype/ckmetrics/../src/AbstractProductA/Panel.java,AbstractProductA.Panel,setCena/1[java.lang.String],false,35,0,1,0,1,0,0,1,0,0,0,0,0,0,0,0,0,0,0,0,0,0,0,3,1025,0,false
/root/DesignPatternsDetection/Data/Prototype/milicaklaric_Prototype/ckmetrics/../src/AbstractProductA/Panel.java,AbstractProductA.Panel,setId/1[java.lang.String],false,29,0,1,0,1,0,0,1,0,0,0,0,0,0,0,0,0,0,0,0,0,0,0,3,1025,0,false
/root/DesignPatternsDetection/Data/Prototype/milicaklaric_Prototype/ckmetrics/../src/AbstractProductA/Panel.java,AbstractProductA.Panel,getId1/0,false,18,0,1,0,1,0,0,0,0,0,0,0,0,0,0,0,0,0,0,0,0,0,0,2,1025,0,false
/root/DesignPatternsDetection/Data/Prototype/milicaklaric_Prototype/ckmetrics/../src/AbstractProductA/Panel.java,AbstractProductA.Panel,getKreiraj/0,false,41,0,1,0,1,0,0,0,0,0,0,0,0,0,0,0,0,0,0,0,0,0,0,2,1025,0,false
/root/DesignPatternsDetection/Data/Prototype/milicaklaric_Prototype/ckmetrics/../src/AbstractProductA/Panel.java,AbstractProductA.Panel,setNaziv/1[java.lang.String],false,31,0,1,0,1,0,0,1,0,0,0,0,0,0,0,0,0,0,0,0,0,0,0,3,1025,0,false
/root/DesignPatternsDetection/Data/Prototype/milicaklaric_Prototype/ckmetrics/../src/AbstractProductA/Panel.java,AbstractProductA.Panel,getObrisi/0,false,45,0,1,0,1,0,0,0,0,0,0,0,0,0,0,0,0,0,0,0,0,0,0,2,1025,0,false
/root/DesignPatternsDetection/Data/Prototype/milicaklaric_Prototype/ckmetrics/../src/AbstractProductA/Panel.java,AbstractProductA.Panel,getId/0,false,17,0,1,0,1,0,0,0,0,0,0,0,0,0,0,0,0,0,0,0,0,0,0,2,1025,0,false
/root/DesignPatternsDetection/Data/Prototype/milicaklaric_Prototype/ckmetrics/../src/AbstractProductA/Panel.java,AbstractProductA.Panel,getNaziv/0,false,20,0,1,0,1,0,0,0,0,0,0,0,0,0,0,0,0,0,0,0,0,0,0,2,1025,0,false
/root/DesignPatternsDetection/Data/Prototype/milicaklaric_Prototype/ckmetrics/../src/AbstractProductA/Panel.java,AbstractProductA.Panel,getNadji/0,false,47,0,1,0,1,0,0,0,0,0,0,0,0,0,0,0,0,0,0,0,0,0,0,2,1025,0,false
/root/DesignPatternsDetection/Data/Prototype/milicaklaric_Prototype/ckmetrics/../src/AbstractProductA/Panel.java,AbstractProductA.Panel,setBrojPolaznika/1[java.lang.String],false,37,0,1,0,1,0,0,1,0,0,0,0,0,0,0,0,0,0,0,0,0,0,0,4,1025,0,false
/root/DesignPatternsDetection/Data/Prototype/milicaklaric_Prototype/ckmetrics/../src/AbstractProductA/Panel.java,AbstractProductA.Panel,setInstruktor/1[java.lang.String],false,33,0,1,0,1,0,0,1,0,0,0,0,0,0,0,0,0,0,0,0,0,0,0,3,1025,0,false
/root/DesignPatternsDetection/Data/Prototype/milicaklaric_Prototype/ckmetrics/../src/AbstractProductA/Panel.java,AbstractProductA.Panel,getPromeni/0,false,43,0,1,0,1,0,0,0,0,0,0,0,0,0,0,0,0,0,0,0,0,0,0,2,1025,0,false
/root/DesignPatternsDetection/Data/Prototype/milicaklaric_Prototype/ckmetrics/../src/AbstractProductA/Panel.java,AbstractProductA.Panel,getInstruktor/0,false,22,0,1,0,1,0,0,0,0,0,0,0,0,0,0,0,0,0,0,0,0,0,0,2,1025,0,false
/root/DesignPatternsDetection/Data/Prototype/milicaklaric_Prototype/ckmetrics/../src/AbstractProductA/Panel.java,AbstractProductA.Panel,setPoruka/1[java.lang.String],false,49,0,1,0,1,0,0,1,0,0,0,0,0,0,0,0,0,0,0,0,0,0,0,2,1025,0,false
/root/DesignPatternsDetection/Data/Prototype/milicaklaric_Prototype/ckmetrics/../src/AbstractProductA/EkranskaForma.java,AbstractProductA.EkranskaForma,odrediDekoracijuForme/0,false,33,0,1,0,1,0,0,0,0,0,0,0,0,0,0,0,0,0,0,0,0,0,0,3,1025,0,false
/root/DesignPatternsDetection/Data/Prototype/milicaklaric_Prototype/ckmetrics/../src/AbstractProductA/EkranskaForma.java,AbstractProductA.EkranskaForma,getPanel/0,false,16,1,1,1,3,1,0,0,1,0,0,0,0,0,0,0,0,0,0,0,0,0,0,4,1,0,false
/root/DesignPatternsDetection/Data/Prototype/milicaklaric_Prototype/ckmetrics/../src/AbstractProductA/EkranskaForma.java,AbstractProductA.EkranskaForma,setPanel/1[AbstractProductA.Panel],false,20,1,1,1,3,0,0,1,1,0,0,0,0,0,0,0,0,0,0,0,0,0,0,5,1,0,false
/root/DesignPatternsDetection/Data/Prototype/milicaklaric_Prototype/ckmetrics/../src/AbstractProductA/EkranskaForma.java,AbstractProductA.EkranskaForma,zatvoriEkranskuFormu/0,false,29,0,1,1,3,0,0,0,1,0,0,0,0,0,0,0,0,0,0,0,0,0,0,6,1,0,false
/root/DesignPatternsDetection/Data/Prototype/milicaklaric_Prototype/ckmetrics/../src/AbstractProductA/EkranskaForma.java,AbstractProductA.EkranskaForma,prikaziEkranskuFormu/0,false,25,0,1,1,3,0,0,0,1,0,0,0,0,0,0,0,0,0,0,0,0,0,0,6,1,0,false
/root/DesignPatternsDetection/Data/Prototype/milicaklaric_Prototype/ckmetrics/../src/Client/Sef.java,Client.Sef,Kreiraj/0,false,32,1,1,1,3,0,0,0,1,0,0,0,0,0,0,0,0,0,0,0,0,0,0,1,0,0,false
/root/DesignPatternsDetection/Data/Prototype/milicaklaric_Prototype/ckmetrics/../src/Client/Sef.java,Client.Sef,Sef/1[Creator.Projektant],true,20,1,1,0,3,0,0,1,0,0,0,0,0,0,0,0,0,1,0,0,0,0,0,4,0,0,false
/root/DesignPatternsDetection/Data/Prototype/milicaklaric_Prototype/ckmetrics/../src/Client/Sef.java,Client.Sef,main/1[java.lang.String[]],false,24,3,1,1,6,0,2,1,1,1,1,0,0,0,0,0,0,2,0,0,0,0,0,6,9,0,false
/root/DesignPatternsDetection/Data/Prototype/milicaklaric_Prototype/ckmetrics/../src/AbstractProductC/Kontroler2.java,AbstractProductC.Kontroler2$Anonymous2,run/0,false,103,2,1,2,3,0,0,0,2,0,0,0,0,0,0,1,0,0,0,0,0,0,0,1,1,0,false
/root/DesignPatternsDetection/Data/Prototype/milicaklaric_Prototype/ckmetrics/../src/AbstractProductC/Kontroler2.java,AbstractProductC.Kontroler2$Anonymous1,run/0,false,89,2,1,2,3,0,0,0,2,0,0,0,0,0,0,1,0,0,0,0,0,0,0,1,1,0,false
/root/DesignPatternsDetection/Data/Prototype/milicaklaric_Prototype/ckmetrics/../src/AbstractProductC/Kontroler2.java,AbstractProductC.OsluskivacPromeni1,OsluskivacPromeni1/1[AbstractProductC.Kontroler2],true,286,1,1,0,3,0,0,1,0,0,0,0,0,0,0,0,0,1,0,0,0,0,0,5,0,0,false
/root/DesignPatternsDetection/Data/Prototype/milicaklaric_Prototype/ckmetrics/../src/AbstractProductC/Kontroler2.java,AbstractProductC.OsluskivacPromeni1,actionPerformed/1[java.awt.event.ActionEvent],false,291,1,1,2,4,0,0,1,2,0,0,0,0,0,0,0,0,0,0,0,0,0,0,5,1,0,false
/root/DesignPatternsDetection/Data/Prototype/milicaklaric_Prototype/ckmetrics/../src/AbstractProductC/Kontroler2.java,AbstractProductC.OsluskivacObrisi1,OsluskivacObrisi1/1[AbstractProductC.Kontroler2],true,270,1,1,0,3,0,0,1,0,0,0,0,0,0,0,0,0,1,0,0,0,0,0,5,0,0,false
/root/DesignPatternsDetection/Data/Prototype/milicaklaric_Prototype/ckmetrics/../src/AbstractProductC/Kontroler2.java,AbstractProductC.OsluskivacObrisi1,actionPerformed/1[java.awt.event.ActionEvent],false,275,1,1,2,4,0,0,1,2,0,0,0,0,0,0,0,0,0,0,0,0,0,0,5,1,0,false
/root/DesignPatternsDetection/Data/Prototype/milicaklaric_Prototype/ckmetrics/../src/AbstractProductC/Kontroler2.java,AbstractProductC.OsluskivacNadji12,OsluskivacNadji12/1[AbstractProductC.Kontroler2],true,318,1,1,0,3,0,0,1,0,0,0,0,0,0,0,0,0,1,0,0,0,0,0,5,0,0,false
/root/DesignPatternsDetection/Data/Prototype/milicaklaric_Prototype/ckmetrics/../src/AbstractProductC/Kontroler2.java,AbstractProductC.OsluskivacNadji12,focusGained/1[java.awt.event.FocusEvent],false,329,0,1,0,2,0,0,1,0,0,0,0,0,0,0,0,0,0,0,0,0,0,0,5,1,0,false
/root/DesignPatternsDetection/Data/Prototype/milicaklaric_Prototype/ckmetrics/../src/AbstractProductC/Kontroler2.java,AbstractProductC.OsluskivacNadji12,focusLost/1[java.awt.event.FocusEvent],false,322,1,1,2,4,0,0,1,2,0,0,0,0,0,0,0,0,0,0,0,0,0,0,3,1,0,false
/root/DesignPatternsDetection/Data/Prototype/milicaklaric_Prototype/ckmetrics/../src/AbstractProductC/Kontroler2.java,AbstractProductC.OsluskivacKreiraj1,actionPerformed/1[java.awt.event.ActionEvent],false,260,1,1,1,3,0,0,1,1,0,0,0,0,0,0,0,0,0,0,0,0,0,0,5,1,0,false
/root/DesignPatternsDetection/Data/Prototype/milicaklaric_Prototype/ckmetrics/../src/AbstractProductC/Kontroler2.java,AbstractProductC.OsluskivacKreiraj1,OsluskivacKreiraj1/1[AbstractProductC.Kontroler2],true,255,1,1,0,3,0,0,1,0,0,0,0,0,0,0,0,0,1,0,0,0,0,0,5,0,0,false
/root/DesignPatternsDetection/Data/Prototype/milicaklaric_Prototype/ckmetrics/../src/AbstractProductC/Kontroler2.java,AbstractProductC.OsluskivacNadji11,actionPerformed/1[java.awt.event.ActionEvent],false,307,1,1,2,4,0,0,1,2,0,0,0,0,0,0,0,0,0,0,0,0,0,0,5,1,0,false
/root/DesignPatternsDetection/Data/Prototype/milicaklaric_Prototype/ckmetrics/../src/AbstractProductC/Kontroler2.java,AbstractProductC.OsluskivacNadji11,OsluskivacNadji11/1[AbstractProductC.Kontroler2],true,302,1,1,0,3,0,0,1,0,0,0,0,0,0,0,0,0,1,0,0,0,0,0,5,0,0,false
/root/DesignPatternsDetection/Data/Prototype/milicaklaric_Prototype/ckmetrics/../src/AbstractProductC/Kontroler2.java,AbstractProductC.Kontroler2,Povezi/0,false,34,7,1,8,12,0,5,0,8,0,0,0,0,0,0,0,0,5,0,0,0,0,0,12,0,0,false
/root/DesignPatternsDetection/Data/Prototype/milicaklaric_Prototype/ckmetrics/../src/AbstractProductC/Kontroler2.java,AbstractProductC.Kontroler2,prikaziPoruku/0,false,82,2,1,3,10,0,1,0,3,0,0,0,0,0,0,0,1,1,0,0,1,0,0,7,0,0,false
/root/DesignPatternsDetection/Data/Prototype/milicaklaric_Prototype/ckmetrics/../src/AbstractProductC/Kontroler2.java,AbstractProductC.Kontroler2,isprazniGrafickiObjekat/0,false,73,2,1,6,7,0,0,0,6,0,0,0,0,0,0,5,0,0,0,0,0,0,0,3,0,0,false
/root/DesignPatternsDetection/Data/Prototype/milicaklaric_Prototype/ckmetrics/../src/AbstractProductC/Kontroler2.java,AbstractProductC.Kontroler2,napuniGrafickiObjekatIzDomenskogObjekta/1[DomainClasses.DKPles],false,63,3,1,13,7,0,0,1,13,0,0,0,0,0,0,0,0,0,0,0,0,0,0,10,0,0,false
/root/DesignPatternsDetection/Data/Prototype/milicaklaric_Prototype/ckmetrics/../src/AbstractProductC/Kontroler2.java,AbstractProductC.Kontroler2,zapamtiDomenskiObjekat/0,false,136,2,2,6,15,1,1,0,6,1,1,0,1,0,0,2,0,3,0,1,0,0,0,16,0,0,false
/root/DesignPatternsDetection/Data/Prototype/milicaklaric_Prototype/ckmetrics/../src/AbstractProductC/Kontroler2.java,AbstractProductC.Kontroler2,nadjiDomenskiObjekat/0,false,215,3,2,6,18,1,1,0,6,3,1,0,1,0,0,2,0,5,0,1,0,0,0,26,0,0,false
/root/DesignPatternsDetection/Data/Prototype/milicaklaric_Prototype/ckmetrics/../src/AbstractProductC/Kontroler2.java,AbstractProductC.Kontroler2,osveziFormu/0,false,110,0,1,1,11,0,1,0,1,0,0,0,0,0,0,0,2,1,0,0,1,0,0,16,0,0,false
/root/DesignPatternsDetection/Data/Prototype/milicaklaric_Prototype/ckmetrics/../src/AbstractProductC/Kontroler2.java,AbstractProductC.Kontroler2,getInteger/1[java.lang.String],false,123,0,3,1,12,1,1,1,1,0,0,0,1,1,0,0,2,3,0,2,0,0,0,9,1,0,false
/root/DesignPatternsDetection/Data/Prototype/milicaklaric_Prototype/ckmetrics/../src/AbstractProductC/Kontroler2.java,AbstractProductC.Kontroler2,obrisiDomenskiObjekat/0,false,183,2,2,7,16,1,1,0,7,2,1,0,1,0,0,2,0,3,0,1,0,0,0,17,0,0,false
/root/DesignPatternsDetection/Data/Prototype/milicaklaric_Prototype/ckmetrics/../src/AbstractProductC/Kontroler2.java,AbstractProductC.Kontroler2,napuniDomenskiObjekatIzGrafickogObjekta/0,false,49,4,2,13,12,0,0,0,13,1,1,0,0,1,0,0,0,1,0,1,0,0,0,16,0,0,false
/root/DesignPatternsDetection/Data/Prototype/milicaklaric_Prototype/ckmetrics/../src/AbstractProductC/Kontroler2.java,AbstractProductC.Kontroler2,"Kontroler2/2[AbstractProductA.EkranskaForma,AbstractProductB.BrokerBazePodataka]",true,27,3,1,1,5,0,0,2,1,1,1,0,0,0,0,0,0,2,0,0,0,0,0,8,1,0,false
/root/DesignPatternsDetection/Data/Prototype/milicaklaric_Prototype/ckmetrics/../src/AbstractProductC/Kontroler2.java,AbstractProductC.Kontroler2,promeniDomenskiObjekat/0,false,199,2,2,7,16,1,1,0,7,2,1,0,1,0,0,2,0,3,0,1,0,0,0,19,0,0,false
/root/DesignPatternsDetection/Data/Prototype/milicaklaric_Prototype/ckmetrics/../src/AbstractProductC/Kontroler2.java,AbstractProductC.Kontroler2,kreirajDomenskiObjekat/0,false,153,3,4,13,28,3,2,0,13,4,2,0,1,0,0,2,1,5,0,1,0,0,0,31,0,0,false
/root/DesignPatternsDetection/Data/Prototype/milicaklaric_Prototype/ckmetrics/../src/AbstractProductC/Kontroler2.java,AbstractProductC.Kontroler2,prikaziPoruku/1[java.lang.String],false,96,2,1,3,10,0,1,1,3,0,0,0,0,0,0,0,1,1,0,0,1,0,0,7,0,0,false
/root/DesignPatternsDetection/Data/Prototype/milicaklaric_Prototype/ckmetrics/../src/AbstractProductC/Kontroler2.java,AbstractProductC.Kontroler2$Anonymous3,run/0,false,115,1,1,3,5,0,0,0,3,0,0,0,0,0,0,1,0,0,0,0,0,0,0,11,1,0,false
/root/DesignPatternsDetection/Data/Prototype/milicaklaric_Prototype/ckmetrics/../src/AbstractProductC/Kontroler2.java,AbstractProductC.OsluskivacZapamti1,actionPerformed/1[java.awt.event.ActionEvent],false,244,1,1,2,4,0,0,1,2,0,0,0,0,0,0,0,0,0,0,0,0,0,0,5,1,0,false
/root/DesignPatternsDetection/Data/Prototype/milicaklaric_Prototype/ckmetrics/../src/AbstractProductC/Kontroler2.java,AbstractProductC.OsluskivacZapamti1,OsluskivacZapamti1/1[AbstractProductC.Kontroler2],true,239,1,1,0,3,0,0,1,0,0,0,0,0,0,0,0,0,1,0,0,0,0,0,5,0,0,false
/root/DesignPatternsDetection/Data/Prototype/milicaklaric_Prototype/ckmetrics/../src/AbstractProductC/Kontroler1.java,AbstractProductC.OsluskivacZapamti,actionPerformed/1[java.awt.event.ActionEvent],false,215,1,1,2,4,0,0,1,2,0,0,0,0,0,0,0,0,0,0,0,0,0,0,5,1,0,false
/root/DesignPatternsDetection/Data/Prototype/milicaklaric_Prototype/ckmetrics/../src/AbstractProductC/Kontroler1.java,AbstractProductC.OsluskivacZapamti,OsluskivacZapamti/1[AbstractProductC.Kontroler1],true,210,1,1,0,3,0,0,1,0,0,0,0,0,0,0,0,0,1,0,0,0,0,0,5,0,0,false
/root/DesignPatternsDetection/Data/Prototype/milicaklaric_Prototype/ckmetrics/../src/AbstractProductC/Kontroler1.java,AbstractProductC.OsluskivacNadji,OsluskivacNadji/1[AbstractProductC.Kontroler1],true,273,1,1,0,3,0,0,1,0,0,0,0,0,0,0,0,0,1,0,0,0,0,0,5,0,0,false
/root/DesignPatternsDetection/Data/Prototype/milicaklaric_Prototype/ckmetrics/../src/AbstractProductC/Kontroler1.java,AbstractProductC.OsluskivacNadji,actionPerformed/1[java.awt.event.ActionEvent],false,278,1,1,2,4,0,0,1,2,0,0,0,0,0,0,0,0,0,0,0,0,0,0,5,1,0,false
/root/DesignPatternsDetection/Data/Prototype/milicaklaric_Prototype/ckmetrics/../src/AbstractProductC/Kontroler1.java,AbstractProductC.OsluskivacNadji1,focusLost/1[java.awt.event.FocusEvent],false,293,1,1,2,4,0,0,1,2,0,0,0,0,0,0,0,0,0,0,0,0,0,0,3,1,0,false
/root/DesignPatternsDetection/Data/Prototype/milicaklaric_Prototype/ckmetrics/../src/AbstractProductC/Kontroler1.java,AbstractProductC.OsluskivacNadji1,focusGained/1[java.awt.event.FocusEvent],false,300,0,1,0,2,0,0,1,0,0,0,0,0,0,0,0,0,0,0,0,0,0,0,5,1,0,false
/root/DesignPatternsDetection/Data/Prototype/milicaklaric_Prototype/ckmetrics/../src/AbstractProductC/Kontroler1.java,AbstractProductC.OsluskivacNadji1,OsluskivacNadji1/1[AbstractProductC.Kontroler1],true,289,1,1,0,3,0,0,1,0,0,0,0,0,0,0,0,0,1,0,0,0,0,0,5,0,0,false
/root/DesignPatternsDetection/Data/Prototype/milicaklaric_Prototype/ckmetrics/../src/AbstractProductC/Kontroler1.java,AbstractProductC.OsluskivacObrisi,OsluskivacObrisi/1[AbstractProductC.Kontroler1],true,241,1,1,0,3,0,0,1,0,0,0,0,0,0,0,0,0,1,0,0,0,0,0,5,0,0,false
/root/DesignPatternsDetection/Data/Prototype/milicaklaric_Prototype/ckmetrics/../src/AbstractProductC/Kontroler1.java,AbstractProductC.OsluskivacObrisi,actionPerformed/1[java.awt.event.ActionEvent],false,246,1,1,2,4,0,0,1,2,0,0,0,0,0,0,0,0,0,0,0,0,0,0,5,1,0,false
/root/DesignPatternsDetection/Data/Prototype/milicaklaric_Prototype/ckmetrics/../src/AbstractProductC/Kontroler1.java,AbstractProductC.OsluskivacPromeni,OsluskivacPromeni/1[AbstractProductC.Kontroler1],true,257,1,1,0,3,0,0,1,0,0,0,0,0,0,0,0,0,1,0,0,0,0,0,5,0,0,false
/root/DesignPatternsDetection/Data/Prototype/milicaklaric_Prototype/ckmetrics/../src/AbstractProductC/Kontroler1.java,AbstractProductC.OsluskivacPromeni,actionPerformed/1[java.awt.event.ActionEvent],false,262,1,1,2,4,0,0,1,2,0,0,0,0,0,0,0,0,0,0,0,0,0,0,5,1,0,false
/root/DesignPatternsDetection/Data/Prototype/milicaklaric_Prototype/ckmetrics/../src/AbstractProductC/Kontroler1.java,AbstractProductC.OsluskivacKreiraj,OsluskivacKreiraj/1[AbstractProductC.Kontroler1],true,226,1,1,0,3,0,0,1,0,0,0,0,0,0,0,0,0,1,0,0,0,0,0,5,0,0,false
/root/DesignPatternsDetection/Data/Prototype/milicaklaric_Prototype/ckmetrics/../src/AbstractProductC/Kontroler1.java,AbstractProductC.OsluskivacKreiraj,actionPerformed/1[java.awt.event.ActionEvent],false,231,1,1,1,3,0,0,1,1,0,0,0,0,0,0,0,0,0,0,0,0,0,0,5,1,0,false
/root/DesignPatternsDetection/Data/Prototype/milicaklaric_Prototype/ckmetrics/../src/AbstractProductC/Kontroler1.java,AbstractProductC.Kontroler1$Anonymous1,run/0,false,88,2,1,2,3,0,0,0,2,0,0,0,0,0,0,1,0,0,0,0,0,0,0,1,1,0,false
/root/DesignPatternsDetection/Data/Prototype/milicaklaric_Prototype/ckmetrics/../src/AbstractProductC/Kontroler1.java,AbstractProductC.Kontroler1,Povezi/0,false,33,7,1,8,12,0,5,0,8,0,0,0,0,0,0,0,0,5,0,0,0,0,0,9,0,0,false
/root/DesignPatternsDetection/Data/Prototype/milicaklaric_Prototype/ckmetrics/../src/AbstractProductC/Kontroler1.java,AbstractProductC.Kontroler1,kreirajDomenskiObjekat/0,false,124,3,4,13,28,3,2,0,13,4,2,0,1,0,0,2,1,5,0,1,0,0,0,31,0,0,false
/root/DesignPatternsDetection/Data/Prototype/milicaklaric_Prototype/ckmetrics/../src/AbstractProductC/Kontroler1.java,AbstractProductC.Kontroler1,napuniGrafickiObjekatIzDomenskogObjekta/1[DomainClasses.DKPles],false,62,3,1,13,7,0,0,1,13,0,0,0,0,0,0,0,0,0,0,0,0,0,0,10,0,0,false
/root/DesignPatternsDetection/Data/Prototype/milicaklaric_Prototype/ckmetrics/../src/AbstractProductC/Kontroler1.java,AbstractProductC.Kontroler1,prikaziPoruku/0,false,81,2,1,3,10,0,1,0,3,0,0,0,0,0,0,0,1,1,0,0,1,0,0,7,0,0,false
/root/DesignPatternsDetection/Data/Prototype/milicaklaric_Prototype/ckmetrics/../src/AbstractProductC/Kontroler1.java,AbstractProductC.Kontroler1,obrisiDomenskiObjekat/0,false,154,2,2,7,16,1,1,0,7,2,1,0,1,0,0,2,0,3,0,1,0,0,0,17,0,0,false
/root/DesignPatternsDetection/Data/Prototype/milicaklaric_Prototype/ckmetrics/../src/AbstractProductC/Kontroler1.java,AbstractProductC.Kontroler1,isprazniGrafickiObjekat/0,false,72,2,1,6,7,0,0,0,6,0,0,0,0,0,0,5,0,0,0,0,0,0,0,3,0,0,false
/root/DesignPatternsDetection/Data/Prototype/milicaklaric_Prototype/ckmetrics/../src/AbstractProductC/Kontroler1.java,AbstractProductC.Kontroler1,getInteger/1[java.lang.String],false,94,0,3,1,12,1,1,1,1,0,0,0,1,1,0,0,2,3,0,2,0,0,0,9,1,0,false
/root/DesignPatternsDetection/Data/Prototype/milicaklaric_Prototype/ckmetrics/../src/AbstractProductC/Kontroler1.java,AbstractProductC.Kontroler1,promeniDomenskiObjekat/0,false,170,2,2,7,16,1,1,0,7,2,1,0,1,0,0,2,0,3,0,1,0,0,0,19,0,0,false
/root/DesignPatternsDetection/Data/Prototype/milicaklaric_Prototype/ckmetrics/../src/AbstractProductC/Kontroler1.java,AbstractProductC.Kontroler1,zapamtiDomenskiObjekat/0,false,107,2,2,7,16,1,1,0,7,2,2,0,1,0,0,2,0,3,0,1,0,0,0,20,0,0,false
/root/DesignPatternsDetection/Data/Prototype/milicaklaric_Prototype/ckmetrics/../src/AbstractProductC/Kontroler1.java,AbstractProductC.Kontroler1,nadjiDomenskiObjekat/0,false,186,3,2,6,18,1,1,0,6,3,1,0,1,0,0,2,0,5,0,1,0,0,0,26,0,0,false
/root/DesignPatternsDetection/Data/Prototype/milicaklaric_Prototype/ckmetrics/../src/AbstractProductC/Kontroler1.java,AbstractProductC.Kontroler1,"Kontroler1/2[AbstractProductA.EkranskaForma,AbstractProductB.BrokerBazePodataka]",true,27,3,1,1,5,0,0,2,1,1,1,0,0,0,0,0,0,2,0,0,0,0,0,8,1,0,false
/root/DesignPatternsDetection/Data/Prototype/milicaklaric_Prototype/ckmetrics/../src/AbstractProductC/Kontroler1.java,AbstractProductC.Kontroler1,napuniDomenskiObjekatIzGrafickogObjekta/0,false,48,4,2,13,12,0,0,0,13,1,1,0,0,1,0,0,0,1,0,1,0,0,0,16,0,0,false
/root/DesignPatternsDetection/Data/Prototype/milicaklaric_Prototype/ckmetrics/../src/Creator/Projektant2.java,Creator.Projektant2,kreirajBrokerBazePodataka/0,false,27,2,1,0,3,1,0,0,0,0,0,0,0,0,0,0,0,0,0,0,0,0,0,5,1,0,false
/root/DesignPatternsDetection/Data/Prototype/milicaklaric_Prototype/ckmetrics/../src/Creator/Projektant2.java,Creator.Projektant2,"kreirajKontroler/2[AbstractProductA.EkranskaForma,AbstractProductB.BrokerBazePodataka]",false,32,4,1,0,3,1,0,2,0,0,0,0,0,0,0,0,0,0,0,0,0,0,0,6,1,0,false
/root/DesignPatternsDetection/Data/Prototype/milicaklaric_Prototype/ckmetrics/../src/Creator/Projektant2.java,Creator.Projektant2,kreirajEkranskuFormu/0,false,19,4,1,1,6,1,2,0,1,0,0,0,0,0,0,0,0,2,0,0,0,0,0,10,1,0,false
/root/DesignPatternsDetection/Data/Prototype/milicaklaric_Prototype/ckmetrics/../src/Creator/Projektant.java,Creator.Projektant,kreirajEkranskuFormu/0,false,21,1,1,0,1,0,0,0,0,0,0,0,0,0,0,0,0,0,0,0,0,0,0,5,1024,0,false
/root/DesignPatternsDetection/Data/Prototype/milicaklaric_Prototype/ckmetrics/../src/Creator/Projektant.java,Creator.Projektant,kreirajBrokerBazePodataka/0,false,23,1,1,0,1,0,0,0,0,0,0,0,0,0,0,0,0,0,0,0,0,0,0,4,1024,0,false
/root/DesignPatternsDetection/Data/Prototype/milicaklaric_Prototype/ckmetrics/../src/Creator/Projektant.java,Creator.Projektant,Kreiraj/0,false,27,6,3,7,20,0,4,0,7,3,1,0,0,2,0,0,2,5,0,1,0,0,0,21,1,0,false
/root/DesignPatternsDetection/Data/Prototype/milicaklaric_Prototype/ckmetrics/../src/Creator/Projektant.java,Creator.Projektant,"kreirajKontroler/2[AbstractProductA.EkranskaForma,AbstractProductB.BrokerBazePodataka]",false,25,3,1,0,1,0,0,2,0,0,0,0,0,0,0,0,0,0,0,0,0,0,0,5,1024,0,false
/root/DesignPatternsDetection/Data/Prototype/milicaklaric_Prototype/ckmetrics/../src/Creator/Projektant3.java,Creator.Projektant3,kreirajBrokerBazePodataka/0,false,27,2,1,0,3,1,0,0,0,0,0,0,0,0,0,0,0,0,0,0,0,0,0,5,1,0,false
/root/DesignPatternsDetection/Data/Prototype/milicaklaric_Prototype/ckmetrics/../src/Creator/Projektant3.java,Creator.Projektant3,"kreirajKontroler/2[AbstractProductA.EkranskaForma,AbstractProductB.BrokerBazePodataka]",false,32,4,1,0,3,1,0,2,0,0,0,0,0,0,0,0,0,0,0,0,0,0,0,6,1,0,false
/root/DesignPatternsDetection/Data/Prototype/milicaklaric_Prototype/ckmetrics/../src/Creator/Projektant3.java,Creator.Projektant3,kreirajEkranskuFormu/0,false,19,4,1,1,6,1,2,0,1,0,0,0,0,0,0,0,0,2,0,0,0,0,0,10,1,0,false
/root/DesignPatternsDetection/Data/Prototype/milicaklaric_Prototype/ckmetrics/../src/Creator/Projektant4.java,Creator.Projektant4,"kreirajKontroler/2[AbstractProductA.EkranskaForma,AbstractProductB.BrokerBazePodataka]",false,33,4,1,0,3,1,0,2,0,0,0,0,0,0,0,0,0,0,0,0,0,0,0,6,1,0,false
/root/DesignPatternsDetection/Data/Prototype/milicaklaric_Prototype/ckmetrics/../src/Creator/Projektant4.java,Creator.Projektant4,kreirajBrokerBazePodataka/0,false,28,2,1,0,3,1,0,0,0,0,0,0,0,0,0,0,0,0,0,0,0,0,0,5,1,0,false
/root/DesignPatternsDetection/Data/Prototype/milicaklaric_Prototype/ckmetrics/../src/Creator/Projektant4.java,Creator.Projektant4,kreirajEkranskuFormu/0,false,20,4,1,1,6,1,2,0,1,0,0,0,0,0,0,0,0,2,0,0,0,0,0,10,1,0,false
/root/DesignPatternsDetection/Data/Prototype/milicaklaric_Prototype/ckmetrics/../src/Creator/Projektant1.java,Creator.Projektant1,"kreirajKontroler/2[AbstractProductA.EkranskaForma,AbstractProductB.BrokerBazePodataka]",false,33,4,1,0,3,1,0,2,0,0,0,0,0,0,0,0,0,0,0,0,0,0,0,6,1,0,false
/root/DesignPatternsDetection/Data/Prototype/milicaklaric_Prototype/ckmetrics/../src/Creator/Projektant1.java,Creator.Projektant1,kreirajBrokerBazePodataka/0,false,28,2,1,0,3,1,0,0,0,0,0,0,0,0,0,0,0,0,0,0,0,0,0,5,1,0,false
/root/DesignPatternsDetection/Data/Prototype/milicaklaric_Prototype/ckmetrics/../src/Creator/Projektant1.java,Creator.Projektant1,kreirajEkranskuFormu/0,false,20,4,1,1,6,1,2,0,1,0,0,0,0,0,0,0,0,2,0,0,0,0,0,10,1,0,false
/root/DesignPatternsDetection/Data/Prototype/milicaklaric_Prototype/ckmetrics/../src/Product/SoftverskiSistem.java,Product.SoftverskiSistem,Clone/0,false,18,1,1,0,1,0,0,0,0,0,0,0,0,0,0,0,0,0,0,0,0,0,0,3,0,0,false
/root/DesignPatternsDetection/Data/Prototype/milicaklaric_Prototype/ckmetrics/../src/Product/SoftverskiSistem.java,Product.SoftverskiSistem,zatvoriEkranskuFormu/0,false,16,0,1,0,1,0,0,0,0,0,0,0,0,0,0,0,0,0,0,0,0,0,0,3,0,0,false
/root/DesignPatternsDetection/Data/Prototype/milicaklaric_Prototype/ckmetrics/../src/Product/SoftverskiSistem.java,Product.SoftverskiSistem,prikaziEkranskuFormu/0,false,14,0,1,0,1,0,0,0,0,0,0,0,0,0,0,0,0,0,0,0,0,0,0,3,0,0,false
/root/DesignPatternsDetection/Data/Prototype/milicaklaric_Prototype/ckmetrics/../src/Product/SoftverskiSistem1.java,Product.SoftverskiSistem1,zatvoriEkranskuFormu/0,false,41,1,1,1,3,0,0,0,1,0,0,0,0,0,0,0,0,0,0,0,0,0,0,3,1,0,false
/root/DesignPatternsDetection/Data/Prototype/milicaklaric_Prototype/ckmetrics/../src/Product/SoftverskiSistem1.java,Product.SoftverskiSistem1,prikaziEkranskuFormu/0,false,36,1,1,1,3,0,0,0,1,0,0,0,0,0,0,0,0,0,0,0,0,0,0,3,1,0,false
/root/DesignPatternsDetection/Data/Prototype/milicaklaric_Prototype/ckmetrics/../src/Product/SoftverskiSistem1.java,Product.SoftverskiSistem1,Clone/0,false,46,2,1,0,3,1,0,0,0,0,0,0,0,0,0,0,0,0,0,0,0,0,0,4,1,0,false
/root/DesignPatternsDetection/Data/Prototype/milicaklaric_Prototype/ckmetrics/../src/Product/SoftverskiSistem1.java,Product.SoftverskiSistem1,"SoftverskiSistem1/3[AbstractProductA.EkranskaForma,AbstractProductB.BrokerBazePodataka,AbstractProductC.Kontroler]",true,23,3,1,0,5,0,0,3,0,0,0,0,0,0,0,0,0,3,0,0,0,0,0,10,1,0,false
/root/DesignPatternsDetection/Data/Prototype/milicaklaric_Prototype/ckmetrics/../src/Product/SoftverskiSistem1.java,Product.SoftverskiSistem1,SoftverskiSistem1/1[Product.SoftverskiSistem1],true,29,1,1,0,5,0,0,1,0,0,0,0,0,0,0,0,0,3,0,0,0,0,0,6,1,0,false
